集合,样本数,预测值_最大,预测值_最小,预测值_平均,预测值_极差,真实值_最大,真实值_最小,真实值_平均,真实值_极差,误差_平均,误差_最大,误差_最小,绝对误差_平均,绝对误差_最大,百分比误差_平均(%),R2_Score,RMSE,MAE,MAPE
训练集,916,234.7113,28.72046,115.84228,205.99084,235.2,28.8,115.84978165938865,206.39999999999998,-0.007509371495142645,0.34302062988280113,-0.5505874633789034,0.11792135030421647,0.5505874633789034,0.12241165427750858,0.9999898134482363,0.1488668902770401,0.11792135030421647,0.0012241165427767065
验证集,196,187.89795,52.162716,116.990456,135.73523,189.6,50.4,117.09795918367347,139.2,-0.10750398441236855,12.619224548339844,-8.324066162109375,1.7216221244967709,12.619224548339844,1.5595666656040748,0.9938736622728779,2.3228978551941073,1.7216221244967709,0.015595666656055975
测试集,198,212.57008,104.239685,168.82286,108.3304,216.0,108.0,169.86666666666665,108.0,-1.0438009782270952,10.9647216796875,-5.905413818359364,2.0670278144605225,10.9647216796875,1.2364195299449845,0.9888968293925242,2.5330160151273167,2.0670278144605225,0.012364195299457436
