Component,Canonical_Correlation,Squared_Correlation
CC1,0.5304473499067573,0.28137439102310186
CC2,0.2093589152073033,0.04383115537677881
