Feature,CC1_Loading,CC1_Loading_Abs
CLOSEST_STATION,-0.9554998452488013,0.9554998452488013
LOAD,-0.29499160281186954,0.29499160281186954
